class_id,test_samples,correct,accuracy
0,20,20,1.0
1,40,40,1.0
2,20,13,0.65
3,36,17,0.4722222222222222
4,45,37,0.8222222222222222
5,25,24,0.96
6,20,20,1.0
7,65,65,1.0
8,26,25,0.9615384615384616
9,25,25,1.0
10,67,46,0.6865671641791045
11,67,63,0.9402985074626866
12,29,29,1.0
13,28,27,0.9642857142857143
14,29,29,1.0
15,21,19,0.9047619047619048
16,65,63,0.9692307692307692
17,62,62,1.0
18,29,23,0.7931034482758621
19,36,32,0.8888888888888888
20,20,20,1.0
21,39,37,0.9487179487179487
22,71,62,0.8732394366197183
23,22,22,1.0
24,21,21,1.0
25,21,15,0.7142857142857143
26,20,20,1.0
27,46,42,0.9130434782608695
28,58,56,0.9655172413793104
29,65,55,0.8461538461538461
30,32,30,0.9375
31,25,24,0.96
32,26,25,0.9615384615384616
33,20,19,0.95
34,23,23,1.0
35,55,53,0.9636363636363636
36,88,86,0.9772727272727273
37,36,36,1.0
38,21,18,0.8571428571428571
39,47,41,0.8723404255319149
40,107,104,0.9719626168224299
41,39,37,0.9487179487179487
42,110,85,0.7727272727272727
43,73,73,1.0
44,20,20,1.0
45,176,160,0.9090909090909091
46,47,47,1.0
47,51,50,0.9803921568627451
48,29,29,1.0
49,72,66,0.9166666666666666
50,238,144,0.6050420168067226
51,65,65,1.0
52,73,54,0.7397260273972602
53,41,41,1.0
54,51,48,0.9411764705882353
55,89,88,0.9887640449438202
56,47,45,0.9574468085106383
57,94,93,0.9893617021276596
58,47,47,1.0
59,89,87,0.9775280898876404
60,30,30,1.0
61,35,31,0.8857142857142857
62,34,34,1.0
63,32,32,1.0
64,82,68,0.8292682926829268
65,41,41,1.0
66,22,20,0.9090909090909091
67,34,32,0.9411764705882353
68,34,34,1.0
69,42,42,1.0
70,58,56,0.9655172413793104
71,76,63,0.8289473684210527
72,174,160,0.9195402298850575
73,151,114,0.7549668874172185
74,100,91,0.91
75,87,79,0.9080459770114943
76,231,212,0.9177489177489178
77,117,103,0.8803418803418803
78,21,21,1.0
79,85,84,0.9882352941176471
80,146,143,0.9794520547945206
81,92,82,0.8913043478260869
82,111,87,0.7837837837837838
83,66,42,0.6363636363636364
84,43,39,0.9069767441860465
85,38,36,0.9473684210526315
86,43,40,0.9302325581395349
87,134,115,0.8582089552238806
88,164,152,0.926829268292683
89,62,57,0.9193548387096774
90,56,53,0.9464285714285714
91,46,46,1.0
92,26,22,0.8461538461538461
93,142,136,0.9577464788732394
94,108,101,0.9351851851851852
95,71,51,0.7183098591549296
96,46,38,0.8260869565217391
97,62,59,0.9516129032258065
98,43,41,0.9534883720930233
99,29,29,1.0
100,38,38,1.0
101,28,28,1.0
