class_id,test_samples,correct,accuracy
0,20,20,1.0
1,40,38,0.95
2,20,11,0.55
3,36,18,0.5
4,45,37,0.8222222222222222
5,25,23,0.92
6,20,20,1.0
7,65,65,1.0
8,26,24,0.9230769230769231
9,25,25,1.0
10,67,47,0.7014925373134329
11,67,64,0.9552238805970149
12,29,28,0.9655172413793104
13,28,28,1.0
14,29,29,1.0
15,21,19,0.9047619047619048
16,65,64,0.9846153846153847
17,62,57,0.9193548387096774
18,29,26,0.896551724137931
19,36,35,0.9722222222222222
20,20,19,0.95
21,39,38,0.9743589743589743
22,71,62,0.8732394366197183
23,22,22,1.0
24,21,21,1.0
25,21,18,0.8571428571428571
26,20,20,1.0
27,46,45,0.9782608695652174
28,58,56,0.9655172413793104
29,65,47,0.7230769230769231
30,32,28,0.875
31,25,23,0.92
32,26,24,0.9230769230769231
33,20,20,1.0
34,23,23,1.0
35,55,52,0.9454545454545454
36,88,86,0.9772727272727273
37,36,35,0.9722222222222222
38,21,19,0.9047619047619048
39,47,43,0.9148936170212766
40,107,100,0.9345794392523364
41,39,37,0.9487179487179487
42,110,83,0.7545454545454545
43,73,71,0.9726027397260274
44,20,18,0.9
45,176,168,0.9545454545454546
46,47,46,0.9787234042553191
47,51,49,0.9607843137254902
48,29,29,1.0
49,72,69,0.9583333333333334
50,238,136,0.5714285714285714
51,65,65,1.0
52,73,53,0.726027397260274
53,41,41,1.0
54,51,48,0.9411764705882353
55,89,87,0.9775280898876404
56,47,45,0.9574468085106383
57,94,93,0.9893617021276596
58,47,47,1.0
59,89,89,1.0
60,30,30,1.0
61,35,29,0.8285714285714286
62,34,34,1.0
63,32,32,1.0
64,82,78,0.9512195121951219
65,41,41,1.0
66,22,19,0.8636363636363636
67,34,31,0.9117647058823529
68,34,34,1.0
69,42,42,1.0
70,58,57,0.9827586206896551
71,76,66,0.868421052631579
72,174,168,0.9655172413793104
73,151,123,0.8145695364238411
74,100,95,0.95
75,87,79,0.9080459770114943
76,231,222,0.961038961038961
77,117,104,0.8888888888888888
78,21,21,1.0
79,85,84,0.9882352941176471
80,146,146,1.0
81,92,79,0.8586956521739131
82,111,81,0.7297297297297297
83,66,47,0.7121212121212122
84,43,42,0.9767441860465116
85,38,34,0.8947368421052632
86,43,40,0.9302325581395349
87,134,116,0.8656716417910447
88,164,152,0.926829268292683
89,62,50,0.8064516129032258
90,56,53,0.9464285714285714
91,46,43,0.9347826086956522
92,26,23,0.8846153846153846
93,142,137,0.9647887323943662
94,108,98,0.9074074074074074
95,71,55,0.7746478873239436
96,46,39,0.8478260869565217
97,62,58,0.9354838709677419
98,43,41,0.9534883720930233
99,29,29,1.0
100,38,36,0.9473684210526315
101,28,28,1.0
