class_id,test_samples,correct,accuracy
0,20,20,1.0
1,40,38,0.95
2,20,12,0.6
3,36,17,0.4722222222222222
4,45,37,0.8222222222222222
5,25,22,0.88
6,20,20,1.0
7,65,65,1.0
8,26,24,0.9230769230769231
9,25,25,1.0
10,67,47,0.7014925373134329
11,67,65,0.9701492537313433
12,29,28,0.9655172413793104
13,28,28,1.0
14,29,29,1.0
15,21,19,0.9047619047619048
16,65,64,0.9846153846153847
17,62,57,0.9193548387096774
18,29,26,0.896551724137931
19,36,36,1.0
20,20,19,0.95
21,39,38,0.9743589743589743
22,71,62,0.8732394366197183
23,22,22,1.0
24,21,21,1.0
25,21,19,0.9047619047619048
26,20,20,1.0
27,46,45,0.9782608695652174
28,58,56,0.9655172413793104
29,65,47,0.7230769230769231
30,32,27,0.84375
31,25,22,0.88
32,26,24,0.9230769230769231
33,20,20,1.0
34,23,23,1.0
35,55,52,0.9454545454545454
36,88,86,0.9772727272727273
37,36,35,0.9722222222222222
38,21,18,0.8571428571428571
39,47,43,0.9148936170212766
40,107,99,0.9252336448598131
41,39,37,0.9487179487179487
42,110,84,0.7636363636363637
43,73,71,0.9726027397260274
44,20,18,0.9
45,176,168,0.9545454545454546
46,47,46,0.9787234042553191
47,51,49,0.9607843137254902
48,29,29,1.0
49,72,67,0.9305555555555556
50,238,138,0.5798319327731093
51,65,65,1.0
52,73,53,0.726027397260274
53,41,41,1.0
54,51,49,0.9607843137254902
55,89,87,0.9775280898876404
56,47,45,0.9574468085106383
57,94,93,0.9893617021276596
58,47,47,1.0
59,89,89,1.0
60,30,30,1.0
61,35,30,0.8571428571428571
62,34,34,1.0
63,32,32,1.0
64,82,77,0.9390243902439024
65,41,41,1.0
66,22,18,0.8181818181818182
67,34,31,0.9117647058823529
68,34,34,1.0
69,42,42,1.0
70,58,57,0.9827586206896551
71,76,66,0.868421052631579
72,174,167,0.9597701149425287
73,151,119,0.7880794701986755
74,100,94,0.94
75,87,78,0.896551724137931
76,231,222,0.961038961038961
77,117,105,0.8974358974358975
78,21,21,1.0
79,85,82,0.9647058823529412
80,146,146,1.0
81,92,80,0.8695652173913043
82,111,80,0.7207207207207207
83,66,46,0.696969696969697
84,43,42,0.9767441860465116
85,38,34,0.8947368421052632
86,43,39,0.9069767441860465
87,134,117,0.8731343283582089
88,164,150,0.9146341463414634
89,62,51,0.8225806451612904
90,56,53,0.9464285714285714
91,46,43,0.9347826086956522
92,26,23,0.8846153846153846
93,142,137,0.9647887323943662
94,108,98,0.9074074074074074
95,71,53,0.7464788732394366
96,46,40,0.8695652173913043
97,62,58,0.9354838709677419
98,43,41,0.9534883720930233
99,29,29,1.0
100,38,36,0.9473684210526315
101,28,28,1.0
